title,category,price_gbp,rating,in_stock,price_inr
A Light in the Attic,Poetry,51.77,3,True,5461.74
Tipping the Velvet,Historical Fiction,53.74,1,True,5669.57
Soumission,Fiction,50.1,1,True,5285.55
Sharp Objects,Mystery,47.82,4,True,5045.01
Sapiens: A Brief History of Humankind,History,54.23,5,True,5721.26
The Requiem Red,Young Adult,22.65,1,True,2389.57
The Dirty Little Secrets of Getting Your Dream Job,Business,33.34,4,True,3517.37
"The Coming Woman: A Novel Based on the Life of the Infamous Feminist, Victoria Woodhull",Default,17.93,3,True,1891.62
The Boys in the Boat: Nine Americans and Their Epic Quest for Gold at the 1936 Berlin Olympics,Default,22.6,4,True,2384.3
The Black Maria,Poetry,52.15,1,True,5501.82
"Starving Hearts (Triangular Trade Trilogy, #1)",Default,13.99,2,True,1475.94
Shakespeare's Sonnets,Poetry,20.66,4,True,2179.63
Set Me Free,Young Adult,17.46,5,True,1842.03
Scott Pilgrim's Precious Little Life (Scott Pilgrim #1),Sequential Art,52.29,5,True,5516.6
Rip it Up and Start Again,Music,35.02,5,True,3694.61
"Our Band Could Be Your Life: Scenes from the American Indie Underground, 1981-1991",Music,57.25,3,True,6039.88
Olio,Poetry,23.88,1,True,2519.34
Mesaerion: The Best Science Fiction Stories 1800-1849,Science Fiction,37.59,1,True,3965.75
Libertarianism for Beginners,Politics,51.33,2,True,5415.32
It's Only the Himalayas,Travel,45.17,2,True,4765.44
In Her Wake,Thriller,12.84,1,True,1354.62
How Music Works,Music,37.32,2,True,3937.26
"Foolproof Preserving: A Guide to Small Batch Jams, Jellies, Pickles, Condiments, and More: A Foolproof Guide to Making Small Batch Jams, Jellies, Pickles, Condiments, and More",Food and Drink,30.52,3,True,3219.86
Chase Me (Paris Nights #2),Romance,25.27,5,True,2665.98
Black Dust,Romance,34.53,5,True,3642.92
Birdsong: A Story in Pictures,Childrens,54.64,3,True,5764.52
America's Cradle of Quarterbacks: Western Pennsylvania's Football Factory from Johnny Unitas to Joe Montana,Default,22.5,3,True,2373.75
Aladdin and His Wonderful Lamp,Default,53.13,3,True,5605.22
Worlds Elsewhere: Journeys Around Shakespeare’s Globe,Nonfiction,40.3,5,True,4251.65
Wall and Piece,Art,44.18,4,True,4660.99
The Four Agreements: A Practical Guide to Personal Freedom,Spirituality,17.66,5,True,1863.13
The Five Love Languages: How to Express Heartfelt Commitment to Your Mate,Nonfiction,31.05,3,True,3275.78
The Elephant Tree,Thriller,23.82,5,True,2513.01
The Bear and the Piano,Childrens,36.89,1,True,3891.9
Sophie's World,Philosophy,15.94,5,True,1681.67
Penny Maybe,Default,33.29,3,True,3512.1
Maude (1883-1993):She Grew Up with the country,Default,18.02,2,True,1901.11
"In a Dark, Dark Wood",Mystery,19.63,1,True,2070.96
Behind Closed Doors,Thriller,52.22,4,True,5509.21
You can't bury them all: Poems,Poetry,33.63,2,True,3547.96
Slow States of Collapse: Poems,Poetry,57.31,3,True,6046.2
Reasons to Stay Alive,Nonfiction,26.41,2,True,2786.26
Private Paris (Private #10),Fiction,47.61,5,True,5022.85
#HigherSelfie: Wake Up Your Life. Free Your Soul. Find Your Tribe.,Nonfiction,23.11,5,True,2438.1
Without Borders (Wanderlove #1),New Adult,45.07,2,True,4754.88
When We Collided,Contemporary,31.77,1,True,3351.74
"We Love You, Charlie Freeman",Fiction,50.27,5,True,5303.48
Untitled Collection: Sabbath Poems 2014,Poetry,14.27,4,True,1505.48
"Unseen City: The Majesty of Pigeons, the Discreet Charm of Snails & Other Wonders of the Urban Wilderness",Nonfiction,44.18,4,True,4660.99
Unicorn Tracks,Fantasy,18.78,3,True,1981.29
"Unbound: How Eight Technologies Made Us Human, Transformed Society, and Brought Our World to the Brink",History,25.52,1,True,2692.36
Tsubasa: WoRLD CHRoNiCLE 2 (Tsubasa WoRLD CHRoNiCLE #2),Sequential Art,16.28,1,True,1717.54
Throwing Rocks at the Google Bus: How Growth Became the Enemy of Prosperity,Nonfiction,31.12,3,True,3283.16
This One Summer,Sequential Art,19.49,4,True,2056.19
Thirst,Fiction,17.27,5,True,1821.98
The Torch Is Passed: A Harding Family Story,Add a comment,19.09,1,True,2014.0
The Secret of Dreadwillow Carse,Childrens,56.13,1,True,5921.72
"The Pioneer Woman Cooks: Dinnertime: Comfort Classics, Freezer Food, 16-Minute Meals, and Other Delicious Ways to Solve Supper!",Food and Drink,56.41,1,True,5951.25
The Past Never Ends,Mystery,56.5,4,True,5960.75
The Natural History of Us (The Fine Art of Pretending #2),Young Adult,45.22,3,True,4770.71
The Nameless City (The Nameless City #1),Sequential Art,38.16,4,True,4025.88
The Murder That Never Was (Forensic Instincts #5),Fiction,54.11,3,True,5708.6
The Most Perfect Thing: Inside (and Outside) a Bird's Egg,Science,42.96,4,True,4532.28
"The Mindfulness and Acceptance Workbook for Anxiety: A Guide to Breaking Free from Anxiety, Phobias, and Worry Using Acceptance and Commitment Therapy",Add a comment,23.89,4,True,2520.4
The Life-Changing Magic of Tidying Up: The Japanese Art of Decluttering and Organizing,Nonfiction,16.77,3,True,1769.24
"The Inefficiency Assassin: Time Management Tactics for Working Smarter, Not Longer",Default,20.59,5,True,2172.24
The Gutsy Girl: Escapades for Your Life of Epic Adventure,Nonfiction,37.13,1,True,3917.22
The Electric Pencil: Drawings from Inside State Hospital No. 3,Nonfiction,56.06,1,True,5914.33
The Death of Humanity: and the Case for Life,Philosophy,58.11,4,True,6130.6
"The Bulletproof Diet: Lose up to a Pound a Day, Reclaim Energy and Focus, Upgrade Your Life",Health,49.05,3,True,5174.77
The Art Forger,Add a comment,40.76,3,True,4300.18
The Age of Genius: The Seventeenth Century and the Birth of the Modern Mind,History,19.73,1,True,2081.52
The Activist's Tao Te Ching: Ancient Advice for a Modern Revolution,Spirituality,32.24,5,True,3401.32
Spark Joy: An Illustrated Master Class on the Art of Organizing and Tidying Up,Nonfiction,41.83,4,True,4413.06
Soul Reader,Default,39.58,2,True,4175.69
Security,Horror,39.25,2,True,4140.88
"Saga, Volume 6 (Saga (Collected Editions) #6)",Fantasy,25.02,3,True,2639.61
"Saga, Volume 5 (Saga (Collected Editions) #5)",Sequential Art,51.04,2,True,5384.72
Reskilling America: Learning to Labor in the Twenty-First Century,Nonfiction,19.83,2,True,2092.06
"Rat Queens, Vol. 3: Demons (Rat Queens (Collected Editions) #11-15)",Sequential Art,50.4,3,True,5317.2
"Princess Jellyfish 2-in-1 Omnibus, Vol. 01 (Princess Jellyfish 2-in-1 Omnibus #1)",Sequential Art,13.61,5,True,1435.86
Princess Between Worlds (Wide-Awake Princess #5),Fantasy,13.34,5,True,1407.37
"Pop Gun War, Volume 1: Gift",Sequential Art,18.97,1,True,2001.33
"Political Suicide: Missteps, Peccadilloes, Bad Calls, Backroom Hijinx, Sordid Pasts, Rotten Breaks, and Just Plain Dumb Mistakes in the Annals of American Politics",History,36.28,2,True,3827.54
Patience,Sequential Art,10.16,3,True,1071.88
"Outcast, Vol. 1: A Darkness Surrounds Him (Outcast #1)",Sequential Art,15.44,4,True,1628.92
orange: The Complete Collection 1 (orange: The Complete Collection #1),Sequential Art,48.41,1,True,5107.25
Online Marketing for Busy Authors: A Step-By-Step Guide,Self Help,46.35,1,True,4889.92
On a Midnight Clear,Add a comment,14.07,3,True,1484.38
Obsidian (Lux #1),Young Adult,14.86,2,True,1567.73
My Paris Kitchen: Recipes and Stories,Food and Drink,33.37,2,True,3520.54
Masks and Shadows,Fantasy,56.4,2,True,5950.2
"Mama Tried: Traditional Italian Cooking for the Screwed, Crude, Vegan, and Tattooed",Food and Drink,14.02,4,True,1479.11
"Lumberjanes, Vol. 2: Friendship to the Max (Lumberjanes #5-8)",Sequential Art,46.91,2,True,4949.0
"Lumberjanes, Vol. 1: Beware the Kitten Holy (Lumberjanes #1-4)",Sequential Art,45.61,3,True,4811.85
Lumberjanes Vol. 3: A Terrible Plan (Lumberjanes #9-12),Sequential Art,19.92,2,True,2101.56
"Layered: Baking, Building, and Styling Spectacular Cakes",Food and Drink,40.11,1,True,4231.6
Judo: Seven Steps to Black Belt (an Introductory Guide for Beginners),Add a comment,53.9,2,True,5686.45
Join,Science Fiction,35.67,5,True,3763.19
In the Country We Love: My Family Divided,Nonfiction,22.0,4,True,2321.0
